{"cameraMode":{"drawMode":0,"name":"Shaded","section":"Shading Mode"},"sceneLighting":true,"audioPlay":false,"sceneViewState":{"showFog":true,"showMaterialUpdate":false,"showSkybox":true,"showFlares":true,"showImageEffects":true,"showParticleSystems":true},"in2DMode":false,"pivot":{"x":-59.20000076293945,"y":82.41999816894531,"z":23.004175186157228},"rotation":{"x":0.12158119678497315,"y":0.47983336448669436,"z":-0.06747040897607804,"w":0.8662711381912231},"size":23.38166618347168,"orthographic":false}