{"cameraMode":{"drawMode":0,"name":"Shaded","section":"Shading Mode"},"sceneLighting":true,"audioPlay":false,"sceneViewState":{"showFog":true,"showMaterialUpdate":false,"showSkybox":true,"showFlares":true,"showImageEffects":true,"showParticleSystems":true},"in2DMode":false,"pivot":{"x":470.4865417480469,"y":234.7987518310547,"z":-476.4223327636719},"rotation":{"x":0.2050958275794983,"y":0.28282925486564639,"z":-0.06221212446689606,"w":0.9349187016487122},"size":22.0,"orthographic":false}