{"cameraMode":{"drawMode":0,"name":"Shaded","section":"Shading Mode"},"sceneLighting":true,"audioPlay":false,"sceneViewState":{"showFog":true,"showMaterialUpdate":false,"showSkybox":true,"showFlares":true,"showImageEffects":true,"showParticleSystems":true},"in2DMode":false,"pivot":{"x":446.38323974609377,"y":315.5641784667969,"z":-477.6284484863281},"rotation":{"x":0.17736785113811494,"y":0.30136698484420779,"z":-0.057329434901475909,"w":0.9351107478141785},"size":-15.00247859954834,"orthographic":false}