{"cameraMode":{"drawMode":0,"name":"Shaded","section":"Shading Mode"},"sceneLighting":true,"audioPlay":false,"sceneViewState":{"showFog":true,"showMaterialUpdate":false,"showSkybox":true,"showFlares":true,"showImageEffects":true,"showParticleSystems":true},"in2DMode":false,"pivot":{"x":371.5675964355469,"y":46.552616119384769,"z":-75.42534637451172},"rotation":{"x":0.2508673071861267,"y":-0.10164771229028702,"z":0.026350125670433046,"w":0.9623092412948608},"size":641.8875122070313,"orthographic":false}