{"cameraMode":{"drawMode":0,"name":"Shaded","section":"Shading Mode"},"sceneLighting":true,"audioPlay":false,"sceneViewState":{"showFog":true,"showMaterialUpdate":false,"showSkybox":true,"showFlares":true,"showImageEffects":true,"showParticleSystems":true},"in2DMode":false,"pivot":{"x":468.6661376953125,"y":177.06082153320313,"z":-462.5972595214844},"rotation":{"x":0.23150955140590669,"y":0.7051188945770264,"z":-0.26551833748817446,"w":0.6153948307037354},"size":83.71524047851563,"orthographic":false}