{"cameraMode":{"drawMode":0,"name":"Shaded","section":"Shading Mode"},"sceneLighting":true,"audioPlay":false,"sceneViewState":{"showFog":true,"showMaterialUpdate":false,"showSkybox":true,"showFlares":true,"showImageEffects":true,"showParticleSystems":true},"in2DMode":false,"pivot":{"x":-55.62999725341797,"y":100.09500122070313,"z":540.3300170898438},"rotation":{"x":0.14567016065120698,"y":0.2206285148859024,"z":-0.03334343433380127,"w":0.9638420343399048},"size":1683.1552734375,"orthographic":false}