{"cameraMode":{"drawMode":0,"name":"Shaded","section":"Shading Mode"},"sceneLighting":true,"audioPlay":false,"sceneViewState":{"showFog":true,"showMaterialUpdate":false,"showSkybox":true,"showFlares":true,"showImageEffects":true,"showParticleSystems":true},"in2DMode":false,"pivot":{"x":510.1042785644531,"y":329.42010498046877,"z":-560.523193359375},"rotation":{"x":0.19687283039093018,"y":0.6718038320541382,"z":-0.19256897270679475,"w":0.6876320838928223},"size":725.64892578125,"orthographic":false}