{"cameraMode":{"drawMode":0,"name":"Shaded","section":"Shading Mode"},"sceneLighting":true,"audioPlay":false,"sceneViewState":{"showFog":true,"showMaterialUpdate":false,"showSkybox":true,"showFlares":true,"showImageEffects":true,"showParticleSystems":true},"in2DMode":false,"pivot":{"x":502.2645263671875,"y":-36.032466888427737,"z":-314.58746337890627},"rotation":{"x":0.00974539015442133,"y":-0.6425830721855164,"z":-0.007976492866873742,"w":-0.7661125659942627},"size":409.86328125,"orthographic":false}