{"cameraMode":{"drawMode":0,"name":"Shaded","section":"Shading Mode"},"sceneLighting":true,"audioPlay":false,"sceneViewState":{"showFog":true,"showMaterialUpdate":false,"showSkybox":true,"showFlares":true,"showImageEffects":true,"showParticleSystems":true},"in2DMode":false,"pivot":{"x":-59.954994201660159,"y":81.11000061035156,"z":28.600000381469728},"rotation":{"x":-0.32703426480293276,"y":0.14826077222824098,"z":-0.05191444978117943,"w":-0.9318649768829346},"size":69.32461547851563,"orthographic":false}