{"cameraMode":{"drawMode":0,"name":"Shaded","section":"Shading Mode"},"sceneLighting":true,"audioPlay":false,"sceneViewState":{"showFog":true,"showMaterialUpdate":false,"showSkybox":true,"showFlares":true,"showImageEffects":true,"showParticleSystems":true},"in2DMode":false,"pivot":{"x":389.8599853515625,"y":160.39999389648438,"z":0.0},"rotation":{"x":0.08809487521648407,"y":-0.08229690045118332,"z":0.007146521471440792,"w":0.9926809668540955},"size":1838.2432861328125,"orthographic":false}