{"cameraMode":{"drawMode":0,"name":"Shaded","section":"Shading Mode"},"sceneLighting":true,"audioPlay":false,"sceneViewState":{"showFog":true,"showMaterialUpdate":false,"showSkybox":true,"showFlares":true,"showImageEffects":true,"showParticleSystems":true},"in2DMode":false,"pivot":{"x":514.9772338867188,"y":75.38890075683594,"z":-497.2699890136719},"rotation":{"x":-0.17675568163394929,"y":-0.04761895164847374,"z":0.008715921081602574,"w":-0.9830635786056519},"size":339.9214782714844,"orthographic":false}