{"cameraMode":{"drawMode":0,"name":"Shaded","section":"Shading Mode"},"sceneLighting":true,"audioPlay":false,"sceneViewState":{"showFog":true,"showMaterialUpdate":false,"showSkybox":true,"showFlares":true,"showImageEffects":true,"showParticleSystems":true},"in2DMode":false,"pivot":{"x":-58.209999084472659,"y":94.30999755859375,"z":22.369998931884767},"rotation":{"x":0.08381590247154236,"y":0.6145737171173096,"z":-0.06587652862071991,"w":0.7816228866577148},"size":8.573651313781739,"orthographic":false}